,Region,Department,Commune_Code_INSEE,City
713,OCCITANIE,HERAULT,34003,AGDE
562,OCCITANIE,HERAULT,34003,AGDE
255,OCCITANIE,HERAULT,34003,AGDE
166,OCCITANIE,HERAULT,34003,AGDE
681,PROVENCE-ALPES-COTE D'AZUR,BOUCHES-DU-RHONE,13001,AIX EN PROVENCE
588,PROVENCE-ALPES-COTE D'AZUR,BOUCHES-DU-RHONE,13001,AIX EN PROVENCE
224,PROVENCE-ALPES-COTE D'AZUR,BOUCHES-DU-RHONE,13001,AIX EN PROVENCE
59,PROVENCE-ALPES-COTE D'AZUR,BOUCHES-DU-RHONE,13001,AIX EN PROVENCE
773,AUVERGNE-RHONE-ALPES,SAVOIE,73008,AIX-LES-BAINS
426,AUVERGNE-RHONE-ALPES,SAVOIE,73008,AIX-LES-BAINS
306,AUVERGNE-RHONE-ALPES,SAVOIE,73008,AIX-LES-BAINS
148,AUVERGNE-RHONE-ALPES,SAVOIE,73008,AIX-LES-BAINS
623,CORSE,CORSE-DU-SUD,2A004,AJACCIO
437,CORSE,CORSE-DU-SUD,2A004,AJACCIO
240,CORSE,CORSE-DU-SUD,2A004,AJACCIO
47,CORSE,CORSE-DU-SUD,2A004,AJACCIO
781,OCCITANIE,TARN,81004,ALBI
568,OCCITANIE,TARN,81004,ALBI
342,OCCITANIE,TARN,81004,ALBI
165,OCCITANIE,TARN,81004,ALBI
125,PROVENCE-ALPES-COTE D'AZUR,BOUCHES-DU-RHONE,13002,ALLAUCH
690,LES-HAUTS-DE-FRANCE,SOMME,80021,AMIENS
537,LES-HAUTS-DE-FRANCE,SOMME,80021,AMIENS
341,LES-HAUTS-DE-FRANCE,SOMME,80021,AMIENS
122,LES-HAUTS-DE-FRANCE,SOMME,80021,AMIENS
779,PAYS DE LA LOIRE,MAINE-ET-LOIRE,49007,ANGERS
573,PAYS DE LA LOIRE,MAINE-ET-LOIRE,49007,ANGERS
271,PAYS DE LA LOIRE,MAINE-ET-LOIRE,49007,ANGERS
137,PAYS DE LA LOIRE,MAINE-ET-LOIRE,49007,ANGERS
717,NOUVELLE-AQUITAINE,PYRENEES-ATLANTIQUES,64024,ANGLET
553,NOUVELLE-AQUITAINE,PYRENEES-ATLANTIQUES,64024,ANGLET
290,NOUVELLE-AQUITAINE,PYRENEES-ATLANTIQUES,64024,ANGLET
171,NOUVELLE-AQUITAINE,PYRENEES-ATLANTIQUES,64024,ANGLET
749,AUVERGNE-RHONE-ALPES,HAUTE-SAVOIE,74010,ANNECY
414,AUVERGNE-RHONE-ALPES,HAUTE-SAVOIE,74010,ANNECY
308,AUVERGNE-RHONE-ALPES,HAUTE-SAVOIE,74010,ANNECY
188,AUVERGNE-RHONE-ALPES,HAUTE-SAVOIE,74010,ANNECY
679,PROVENCE-ALPES-COTE D'AZUR,ALPES-MARITIMES,06004,ANTIBES
577,PROVENCE-ALPES-COTE D'AZUR,ALPES-MARITIMES,06004,ANTIBES
211,PROVENCE-ALPES-COTE D'AZUR,ALPES-MARITIMES,06004,ANTIBES
74,PROVENCE-ALPES-COTE D'AZUR,ALPES-MARITIMES,06004,ANTIBES
776,ILE-DE-FRANCE,HAUTS-DE-SEINE,92002,ANTONY
449,ILE-DE-FRANCE,HAUTS-DE-SEINE,92002,ANTONY
360,ILE-DE-FRANCE,HAUTS-DE-SEINE,92002,ANTONY
191,ILE-DE-FRANCE,HAUTS-DE-SEINE,92002,ANTONY
786,PROVENCE-ALPES-COTE D'AZUR,BOUCHES-DU-RHONE,13004,ARLES
589,PROVENCE-ALPES-COTE D'AZUR,BOUCHES-DU-RHONE,13004,ARLES
225,PROVENCE-ALPES-COTE D'AZUR,BOUCHES-DU-RHONE,13004,ARLES
202,PROVENCE-ALPES-COTE D'AZUR,BOUCHES-DU-RHONE,13004,ARLES
288,LES-HAUTS-DE-FRANCE,PAS-DE-CALAIS,62041,ARRAS
208,LES-HAUTS-DE-FRANCE,PAS-DE-CALAIS,62041,ARRAS
639,ILE-DE-FRANCE,HAUTS-DE-SEINE,92004,ASNIERES
450,ILE-DE-FRANCE,HAUTS-DE-SEINE,92004,ASNIERES
361,ILE-DE-FRANCE,HAUTS-DE-SEINE,92004,ASNIERES
71,ILE-DE-FRANCE,HAUTS-DE-SEINE,92004,ASNIERES
740,PROVENCE-ALPES-COTE D'AZUR,BOUCHES-DU-RHONE,13005,AUBAGNE
590,PROVENCE-ALPES-COTE D'AZUR,BOUCHES-DU-RHONE,13005,AUBAGNE
226,PROVENCE-ALPES-COTE D'AZUR,BOUCHES-DU-RHONE,13005,AUBAGNE
192,PROVENCE-ALPES-COTE D'AZUR,BOUCHES-DU-RHONE,13005,AUBAGNE
752,ILE-DE-FRANCE,SEINE-SAINT-DENIS,93005,AULNAY SOUS BOIS
388,ILE-DE-FRANCE,SEINE-SAINT-DENIS,93005,AULNAY SOUS BOIS
162,ILE-DE-FRANCE,SEINE-SAINT-DENIS,93005,AULNAY SOUS BOIS
762,PROVENCE-ALPES-COTE D'AZUR,VAUCLUSE,84007,AVIGNON
602,PROVENCE-ALPES-COTE D'AZUR,VAUCLUSE,84007,AVIGNON
351,PROVENCE-ALPES-COTE D'AZUR,VAUCLUSE,84007,AVIGNON
189,PROVENCE-ALPES-COTE D'AZUR,VAUCLUSE,84007,AVIGNON
654,CORSE,HAUTE-CORSE,2B033,BASTIA
438,CORSE,HAUTE-CORSE,2B033,BASTIA
241,CORSE,HAUTE-CORSE,2B033,BASTIA
73,CORSE,HAUTE-CORSE,2B033,BASTIA
719,NOUVELLE-AQUITAINE,PYRENEES-ATLANTIQUES,64102,BAYONNE
554,NOUVELLE-AQUITAINE,PYRENEES-ATLANTIQUES,64102,BAYONNE
291,NOUVELLE-AQUITAINE,PYRENEES-ATLANTIQUES,64102,BAYONNE
110,NOUVELLE-AQUITAINE,PYRENEES-ATLANTIQUES,64102,BAYONNE
233,BOURGOGNE-FRANCHE-COMTE,COTE-D'OR,21054,BEAUNE
37,BOURGOGNE-FRANCHE-COMTE,COTE-D'OR,21054,BEAUNE
605,LES-HAUTS-DE-FRANCE,OISE,60057,BEAUVAIS
535,LES-HAUTS-DE-FRANCE,OISE,60057,BEAUVAIS
286,LES-HAUTS-DE-FRANCE,OISE,60057,BEAUVAIS
2,LES-HAUTS-DE-FRANCE,OISE,60057,BEAUVAIS
771,BOURGOGNE-FRANCHE-COMTE,DOUBS,25056,BESANCON
429,BOURGOGNE-FRANCHE-COMTE,DOUBS,25056,BESANCON
235,BOURGOGNE-FRANCHE-COMTE,DOUBS,25056,BESANCON
167,BOURGOGNE-FRANCHE-COMTE,DOUBS,25056,BESANCON
651,OCCITANIE,HERAULT,34032,BEZIERS
563,OCCITANIE,HERAULT,34032,BEZIERS
256,OCCITANIE,HERAULT,34032,BEZIERS
88,OCCITANIE,HERAULT,34032,BEZIERS
644,NOUVELLE-AQUITAINE,PYRENEES-ATLANTIQUES,64122,BIARRITZ
555,NOUVELLE-AQUITAINE,PYRENEES-ATLANTIQUES,64122,BIARRITZ
292,NOUVELLE-AQUITAINE,PYRENEES-ATLANTIQUES,64122,BIARRITZ
66,NOUVELLE-AQUITAINE,PYRENEES-ATLANTIQUES,64122,BIARRITZ
785,ILE-DE-FRANCE,HAUTS-DE-SEINE,92009,BOIS-COLOMBES
451,ILE-DE-FRANCE,HAUTS-DE-SEINE,92009,BOIS-COLOMBES
362,ILE-DE-FRANCE,HAUTS-DE-SEINE,92009,BOIS-COLOMBES
199,ILE-DE-FRANCE,HAUTS-DE-SEINE,92009,BOIS-COLOMBES
631,ILE-DE-FRANCE,HAUTS-DE-SEINE,92014,BOURG LA REINE
453,ILE-DE-FRANCE,HAUTS-DE-SEINE,92014,BOURG LA REINE
364,ILE-DE-FRANCE,HAUTS-DE-SEINE,92014,BOURG LA REINE
61,ILE-DE-FRANCE,HAUTS-DE-SEINE,92014,BOURG LA REINE
174,CENTRE-VAL DE LOIRE,CHER,18033,BOURGES
633,BRETAGNE,FINISTERE,29019,BREST
430,BRETAGNE,FINISTERE,29019,BREST
239,BRETAGNE,FINISTERE,29019,BREST
28,BRETAGNE,FINISTERE,29019,BREST
606,NOUVELLE-AQUITAINE,CORREZE,19031,BRIVE
542,NOUVELLE-AQUITAINE,CORREZE,19031,BRIVE
232,NOUVELLE-AQUITAINE,CORREZE,19031,BRIVE
12,NOUVELLE-AQUITAINE,CORREZE,19031,BRIVE
758,AUVERGNE-RHONE-ALPES,RHONE,69029,BRON
419,AUVERGNE-RHONE-ALPES,RHONE,69029,BRON
298,AUVERGNE-RHONE-ALPES,RHONE,69029,BRON
193,AUVERGNE-RHONE-ALPES,RHONE,69029,BRON
664,ILE-DE-FRANCE,ESSONNE,91114,BRUNOY
446,ILE-DE-FRANCE,ESSONNE,91114,BRUNOY
356,ILE-DE-FRANCE,ESSONNE,91114,BRUNOY
102,ILE-DE-FRANCE,ESSONNE,91114,BRUNOY
787,ILE-DE-FRANCE,VAL-DE-MARNE,94016,CACHAN
501,ILE-DE-FRANCE,VAL-DE-MARNE,94016,CACHAN
393,ILE-DE-FRANCE,VAL-DE-MARNE,94016,CACHAN
187,ILE-DE-FRANCE,VAL-DE-MARNE,94016,CACHAN
666,NORMANDIE,CALVADOS,14118,CAEN
538,NORMANDIE,CALVADOS,14118,CAEN
230,NORMANDIE,CALVADOS,14118,CAEN
92,NORMANDIE,CALVADOS,14118,CAEN
741,PROVENCE-ALPES-COTE D'AZUR,ALPES-MARITIMES,06027,CAGNES SUR MER
578,PROVENCE-ALPES-COTE D'AZUR,ALPES-MARITIMES,06027,CAGNES SUR MER
212,PROVENCE-ALPES-COTE D'AZUR,ALPES-MARITIMES,06027,CAGNES SUR MER
86,PROVENCE-ALPES-COTE D'AZUR,ALPES-MARITIMES,06027,CAGNES SUR MER
694,AUVERGNE-RHONE-ALPES,RHONE,69034,CALUIRE ET CUIRE
420,AUVERGNE-RHONE-ALPES,RHONE,69034,CALUIRE ET CUIRE
299,AUVERGNE-RHONE-ALPES,RHONE,69034,CALUIRE ET CUIRE
35,AUVERGNE-RHONE-ALPES,RHONE,69034,CALUIRE ET CUIRE
614,PROVENCE-ALPES-COTE D'AZUR,ALPES-MARITIMES,06029,CANNES
579,PROVENCE-ALPES-COTE D'AZUR,ALPES-MARITIMES,06029,CANNES
213,PROVENCE-ALPES-COTE D'AZUR,ALPES-MARITIMES,06029,CANNES
4,PROVENCE-ALPES-COTE D'AZUR,ALPES-MARITIMES,06029,CANNES
352,PROVENCE-ALPES-COTE D'AZUR,VAUCLUSE,84031,CARPENTRAS
206,PROVENCE-ALPES-COTE D'AZUR,VAUCLUSE,84031,CARPENTRAS
77,PAYS DE LA LOIRE,LOIRE-ATLANTIQUE,44026,CARQUEFOU
564,OCCITANIE,HERAULT,34057,CASTELNAU LE LEZ
257,OCCITANIE,HERAULT,34057,CASTELNAU LE LEZ
41,OCCITANIE,HERAULT,34057,CASTELNAU LE LEZ
85,PAYS DE LA LOIRE,VENDEE,85047,CHALLANS
768,AUVERGNE-RHONE-ALPES,SAVOIE,73065,CHAMBERY
427,AUVERGNE-RHONE-ALPES,SAVOIE,73065,CHAMBERY
307,AUVERGNE-RHONE-ALPES,SAVOIE,73065,CHAMBERY
183,AUVERGNE-RHONE-ALPES,SAVOIE,73065,CHAMBERY
686,ILE-DE-FRANCE,VAL-DE-MARNE,94017,CHAMPIGNY SUR MARNE
502,ILE-DE-FRANCE,VAL-DE-MARNE,94017,CHAMPIGNY SUR MARNE
394,ILE-DE-FRANCE,VAL-DE-MARNE,94017,CHAMPIGNY SUR MARNE
129,ILE-DE-FRANCE,VAL-DE-MARNE,94017,CHAMPIGNY SUR MARNE
724,ILE-DE-FRANCE,VAL-DE-MARNE,94018,CHARENTON LE PONT
503,ILE-DE-FRANCE,VAL-DE-MARNE,94018,CHARENTON LE PONT
395,ILE-DE-FRANCE,VAL-DE-MARNE,94018,CHARENTON LE PONT
128,ILE-DE-FRANCE,VAL-DE-MARNE,94018,CHARENTON LE PONT
636,CENTRE-VAL DE LOIRE,EURE-ET-LOIR,28085,CHARTRES
434,CENTRE-VAL DE LOIRE,EURE-ET-LOIR,28085,CHARTRES
238,CENTRE-VAL DE LOIRE,EURE-ET-LOIR,28085,CHARTRES
55,CENTRE-VAL DE LOIRE,EURE-ET-LOIR,28085,CHARTRES
674,ILE-DE-FRANCE,HAUTS-DE-SEINE,92019,CHATENAY MALABRY
454,ILE-DE-FRANCE,HAUTS-DE-SEINE,92019,CHATENAY MALABRY
365,ILE-DE-FRANCE,HAUTS-DE-SEINE,92019,CHATENAY MALABRY
157,ILE-DE-FRANCE,HAUTS-DE-SEINE,92019,CHATENAY MALABRY
656,ILE-DE-FRANCE,HAUTS-DE-SEINE,92020,CHATILLON
455,ILE-DE-FRANCE,HAUTS-DE-SEINE,92020,CHATILLON
366,ILE-DE-FRANCE,HAUTS-DE-SEINE,92020,CHATILLON
96,ILE-DE-FRANCE,HAUTS-DE-SEINE,92020,CHATILLON
745,ILE-DE-FRANCE,YVELINES,78146,CHATOU
517,ILE-DE-FRANCE,YVELINES,78146,CHATOU
334,ILE-DE-FRANCE,YVELINES,78146,CHATOU
158,ILE-DE-FRANCE,YVELINES,78146,CHATOU
788,ILE-DE-FRANCE,HAUTS-DE-SEINE,92022,CHAVILLE
456,ILE-DE-FRANCE,HAUTS-DE-SEINE,92022,CHAVILLE
367,ILE-DE-FRANCE,HAUTS-DE-SEINE,92022,CHAVILLE
205,ILE-DE-FRANCE,HAUTS-DE-SEINE,92022,CHAVILLE
772,ILE-DE-FRANCE,HAUTS-DE-SEINE,92023,CLAMART
457,ILE-DE-FRANCE,HAUTS-DE-SEINE,92023,CLAMART
368,ILE-DE-FRANCE,HAUTS-DE-SEINE,92023,CLAMART
177,ILE-DE-FRANCE,HAUTS-DE-SEINE,92023,CLAMART
780,AUVERGNE-RHONE-ALPES,PUY-DE-DOME,63113,CLERMONT-FERRAND
418,AUVERGNE-RHONE-ALPES,PUY-DE-DOME,63113,CLERMONT-FERRAND
289,AUVERGNE-RHONE-ALPES,PUY-DE-DOME,63113,CLERMONT-FERRAND
169,AUVERGNE-RHONE-ALPES,PUY-DE-DOME,63113,CLERMONT-FERRAND
725,ILE-DE-FRANCE,HAUTS-DE-SEINE,92024,CLICHY
369,ILE-DE-FRANCE,HAUTS-DE-SEINE,92024,CLICHY
127,ILE-DE-FRANCE,HAUTS-DE-SEINE,92024,CLICHY
619,GRAND-EST,HAUT-RHIN,68066,COLMAR
440,GRAND-EST,HAUT-RHIN,68066,COLMAR
296,GRAND-EST,HAUT-RHIN,68066,COLMAR
48,GRAND-EST,HAUT-RHIN,68066,COLMAR
757,ILE-DE-FRANCE,HAUTS-DE-SEINE,92025,COLOMBES
458,ILE-DE-FRANCE,HAUTS-DE-SEINE,92025,COLOMBES
370,ILE-DE-FRANCE,HAUTS-DE-SEINE,92025,COLOMBES
155,ILE-DE-FRANCE,HAUTS-DE-SEINE,92025,COLOMBES
624,LES-HAUTS-DE-FRANCE,OISE,60159,COMPIEGNE
536,LES-HAUTS-DE-FRANCE,OISE,60159,COMPIEGNE
287,LES-HAUTS-DE-FRANCE,OISE,60159,COMPIEGNE
13,LES-HAUTS-DE-FRANCE,OISE,60159,COMPIEGNE
754,ILE-DE-FRANCE,HAUTS-DE-SEINE,92026,COURBEVOIE
459,ILE-DE-FRANCE,HAUTS-DE-SEINE,92026,COURBEVOIE
371,ILE-DE-FRANCE,HAUTS-DE-SEINE,92026,COURBEVOIE
179,ILE-DE-FRANCE,HAUTS-DE-SEINE,92026,COURBEVOIE
753,ILE-DE-FRANCE,VAL-DE-MARNE,94028,CRETEIL
504,ILE-DE-FRANCE,VAL-DE-MARNE,94028,CRETEIL
396,ILE-DE-FRANCE,VAL-DE-MARNE,94028,CRETEIL
181,ILE-DE-FRANCE,VAL-DE-MARNE,94028,CRETEIL
765,LES-HAUTS-DE-FRANCE,NORD,59163,CROIX
528,LES-HAUTS-DE-FRANCE,NORD,59163,CROIX
279,LES-HAUTS-DE-FRANCE,NORD,59163,CROIX
69,LES-HAUTS-DE-FRANCE,NORD,59163,CROIX
689,BOURGOGNE-FRANCHE-COMTE,COTE-D'OR,21231,DIJON
428,BOURGOGNE-FRANCHE-COMTE,COTE-D'OR,21231,DIJON
234,BOURGOGNE-FRANCHE-COMTE,COTE-D'OR,21231,DIJON
138,BOURGOGNE-FRANCHE-COMTE,COTE-D'OR,21231,DIJON
652,PROVENCE-ALPES-COTE D'AZUR,VAR,83050,DRAGUIGNAN
595,PROVENCE-ALPES-COTE D'AZUR,VAR,83050,DRAGUIGNAN
344,PROVENCE-ALPES-COTE D'AZUR,VAR,83050,DRAGUIGNAN
182,PROVENCE-ALPES-COTE D'AZUR,VAR,83050,DRAGUIGNAN
742,LES-HAUTS-DE-FRANCE,NORD,59183,DUNKERQUE
529,LES-HAUTS-DE-FRANCE,NORD,59183,DUNKERQUE
280,LES-HAUTS-DE-FRANCE,NORD,59183,DUNKERQUE
132,LES-HAUTS-DE-FRANCE,NORD,59183,DUNKERQUE
247,NOUVELLE-AQUITAINE,GIRONDE,33162,EYSINES
197,NOUVELLE-AQUITAINE,GIRONDE,33162,EYSINES
760,ILE-DE-FRANCE,HAUTS-DE-SEINE,92032,FONTENAY AUX ROSES
460,ILE-DE-FRANCE,HAUTS-DE-SEINE,92032,FONTENAY AUX ROSES
372,ILE-DE-FRANCE,HAUTS-DE-SEINE,92032,FONTENAY AUX ROSES
196,ILE-DE-FRANCE,HAUTS-DE-SEINE,92032,FONTENAY AUX ROSES
657,ILE-DE-FRANCE,VAL-DE-MARNE,94033,FONTENAY SOUS BOIS
505,ILE-DE-FRANCE,VAL-DE-MARNE,94033,FONTENAY SOUS BOIS
397,ILE-DE-FRANCE,VAL-DE-MARNE,94033,FONTENAY SOUS BOIS
29,ILE-DE-FRANCE,VAL-DE-MARNE,94033,FONTENAY SOUS BOIS
718,PROVENCE-ALPES-COTE D'AZUR,VAR,83061,FREJUS
596,PROVENCE-ALPES-COTE D'AZUR,VAR,83061,FREJUS
345,PROVENCE-ALPES-COTE D'AZUR,VAR,83061,FREJUS
180,PROVENCE-ALPES-COTE D'AZUR,VAR,83061,FREJUS
663,PROVENCE-ALPES-COTE D'AZUR,HAUTES-ALPES,05061,GAP
594,PROVENCE-ALPES-COTE D'AZUR,HAUTES-ALPES,05061,GAP
210,PROVENCE-ALPES-COTE D'AZUR,HAUTES-ALPES,05061,GAP
87,PROVENCE-ALPES-COTE D'AZUR,HAUTES-ALPES,05061,GAP
759,ILE-DE-FRANCE,ESSONNE,91272,GIF SUR YVETTE
447,ILE-DE-FRANCE,ESSONNE,91272,GIF SUR YVETTE
357,ILE-DE-FRANCE,ESSONNE,91272,GIF SUR YVETTE
151,ILE-DE-FRANCE,ESSONNE,91272,GIF SUR YVETTE
706,NOUVELLE-AQUITAINE,GIRONDE,33192,GRADIGNAN
546,NOUVELLE-AQUITAINE,GIRONDE,33192,GRADIGNAN
248,NOUVELLE-AQUITAINE,GIRONDE,33192,GRADIGNAN
26,NOUVELLE-AQUITAINE,GIRONDE,33192,GRADIGNAN
669,PROVENCE-ALPES-COTE D'AZUR,ALPES-MARITIMES,06069,GRASSE
581,PROVENCE-ALPES-COTE D'AZUR,ALPES-MARITIMES,06069,GRASSE
215,PROVENCE-ALPES-COTE D'AZUR,ALPES-MARITIMES,06069,GRASSE
107,PROVENCE-ALPES-COTE D'AZUR,ALPES-MARITIMES,06069,GRASSE
695,AUVERGNE-RHONE-ALPES,ISERE,38185,GRENOBLE
416,AUVERGNE-RHONE-ALPES,ISERE,38185,GRENOBLE
263,AUVERGNE-RHONE-ALPES,ISERE,38185,GRENOBLE
82,AUVERGNE-RHONE-ALPES,ISERE,38185,GRENOBLE
249,NOUVELLE-AQUITAINE,GIRONDE,33199,GUJAN-MESTRAS
201,NOUVELLE-AQUITAINE,GIRONDE,33199,GUJAN-MESTRAS
744,PROVENCE-ALPES-COTE D'AZUR,VAR,83069,HYERES
597,PROVENCE-ALPES-COTE D'AZUR,VAR,83069,HYERES
346,PROVENCE-ALPES-COTE D'AZUR,VAR,83069,HYERES
133,PROVENCE-ALPES-COTE D'AZUR,VAR,83069,HYERES
764,ILE-DE-FRANCE,HAUTS-DE-SEINE,92040,ISSY LES MOULINEAUX
462,ILE-DE-FRANCE,HAUTS-DE-SEINE,92040,ISSY LES MOULINEAUX
374,ILE-DE-FRANCE,HAUTS-DE-SEINE,92040,ISSY LES MOULINEAUX
185,ILE-DE-FRANCE,HAUTS-DE-SEINE,92040,ISSY LES MOULINEAUX
728,ILE-DE-FRANCE,VAL-DE-MARNE,94038,L'HAY LES ROSES
506,ILE-DE-FRANCE,VAL-DE-MARNE,94038,L'HAY LES ROSES
398,ILE-DE-FRANCE,VAL-DE-MARNE,94038,L'HAY LES ROSES
207,ILE-DE-FRANCE,VAL-DE-MARNE,94038,L'HAY LES ROSES
750,ILE-DE-FRANCE,YVELINES,78126,LA CELLE-SAINT-CLOUD
516,ILE-DE-FRANCE,YVELINES,78126,LA CELLE-SAINT-CLOUD
333,ILE-DE-FRANCE,YVELINES,78126,LA CELLE-SAINT-CLOUD
150,ILE-DE-FRANCE,YVELINES,78126,LA CELLE-SAINT-CLOUD
700,PROVENCE-ALPES-COTE D'AZUR,BOUCHES-DU-RHONE,13028,LA CIOTAT
591,PROVENCE-ALPES-COTE D'AZUR,BOUCHES-DU-RHONE,13028,LA CIOTAT
227,PROVENCE-ALPES-COTE D'AZUR,BOUCHES-DU-RHONE,13028,LA CIOTAT
141,PROVENCE-ALPES-COTE D'AZUR,BOUCHES-DU-RHONE,13028,LA CIOTAT
730,ILE-DE-FRANCE,HAUTS-DE-SEINE,92035,LA GARENNE COLOMBES
461,ILE-DE-FRANCE,HAUTS-DE-SEINE,92035,LA GARENNE COLOMBES
373,ILE-DE-FRANCE,HAUTS-DE-SEINE,92035,LA GARENNE COLOMBES
117,ILE-DE-FRANCE,HAUTS-DE-SEINE,92035,LA GARENNE COLOMBES
630,LES-HAUTS-DE-FRANCE,NORD,59368,LA MADELEINE
532,LES-HAUTS-DE-FRANCE,NORD,59368,LA MADELEINE
283,LES-HAUTS-DE-FRANCE,NORD,59368,LA MADELEINE
22,LES-HAUTS-DE-FRANCE,NORD,59368,LA MADELEINE
734,NOUVELLE-AQUITAINE,CHARENTE-MARITIME,17300,LA ROCHELLE
541,NOUVELLE-AQUITAINE,CHARENTE-MARITIME,17300,LA ROCHELLE
231,NOUVELLE-AQUITAINE,CHARENTE-MARITIME,17300,LA ROCHELLE
136,NOUVELLE-AQUITAINE,CHARENTE-MARITIME,17300,LA ROCHELLE
748,PROVENCE-ALPES-COTE D'AZUR,VAR,83126,LA SEYNE SUR MER
599,PROVENCE-ALPES-COTE D'AZUR,VAR,83126,LA SEYNE SUR MER
348,PROVENCE-ALPES-COTE D'AZUR,VAR,83126,LA SEYNE SUR MER
209,PROVENCE-ALPES-COTE D'AZUR,VAR,83126,LA SEYNE SUR MER
685,NOUVELLE-AQUITAINE,GIRONDE,33529,LA TESTE DE BUCH
551,NOUVELLE-AQUITAINE,GIRONDE,33529,LA TESTE DE BUCH
254,NOUVELLE-AQUITAINE,GIRONDE,33529,LA TESTE DE BUCH
80,NOUVELLE-AQUITAINE,GIRONDE,33529,LA TESTE DE BUCH
660,LES-HAUTS-DE-FRANCE,NORD,59328,LAMBERSART
530,LES-HAUTS-DE-FRANCE,NORD,59328,LAMBERSART
281,LES-HAUTS-DE-FRANCE,NORD,59328,LAMBERSART
50,LES-HAUTS-DE-FRANCE,NORD,59328,LAMBERSART
618,PAYS DE LA LOIRE,MAYENNE,53130,LAVAL
574,PAYS DE LA LOIRE,MAYENNE,53130,LAVAL
273,PAYS DE LA LOIRE,MAYENNE,53130,LAVAL
43,PAYS DE LA LOIRE,MAYENNE,53130,LAVAL
621,NOUVELLE-AQUITAINE,GIRONDE,33069,LE BOUSCAT
545,NOUVELLE-AQUITAINE,GIRONDE,33069,LE BOUSCAT
246,NOUVELLE-AQUITAINE,GIRONDE,33069,LE BOUSCAT
38,NOUVELLE-AQUITAINE,GIRONDE,33069,LE BOUSCAT
642,PROVENCE-ALPES-COTE D'AZUR,ALPES-MARITIMES,06030,LE CANNET
580,PROVENCE-ALPES-COTE D'AZUR,ALPES-MARITIMES,06030,LE CANNET
214,PROVENCE-ALPES-COTE D'AZUR,ALPES-MARITIMES,06030,LE CANNET
24,PROVENCE-ALPES-COTE D'AZUR,ALPES-MARITIMES,06030,LE CANNET
783,ILE-DE-FRANCE,YVELINES,78158,LE CHESNAY-ROCQUENCOURT
518,ILE-DE-FRANCE,YVELINES,78158,LE CHESNAY-ROCQUENCOURT
335,ILE-DE-FRANCE,YVELINES,78158,LE CHESNAY-ROCQUENCOURT
144,ILE-DE-FRANCE,YVELINES,78158,LE CHESNAY-ROCQUENCOURT
1,GUADELOUPE,GUADELOUPE,97113,LE GOSIER
655,NORMANDIE,SEINE-MARITIME,76351,LE HAVRE
539,NORMANDIE,SEINE-MARITIME,76351,LE HAVRE
330,NORMANDIE,SEINE-MARITIME,76351,LE HAVRE
131,NORMANDIE,SEINE-MARITIME,76351,LE HAVRE
716,PAYS DE LA LOIRE,SARTHE,72181,LE MANS
575,PAYS DE LA LOIRE,SARTHE,72181,LE MANS
305,PAYS DE LA LOIRE,SARTHE,72181,LE MANS
109,PAYS DE LA LOIRE,SARTHE,72181,LE MANS
710,ILE-DE-FRANCE,VAL-DE-MARNE,94058,LE PERREUX SUR MARNE
509,ILE-DE-FRANCE,VAL-DE-MARNE,94058,LE PERREUX SUR MARNE
401,ILE-DE-FRANCE,VAL-DE-MARNE,94058,LE PERREUX SUR MARNE
139,ILE-DE-FRANCE,VAL-DE-MARNE,94058,LE PERREUX SUR MARNE
756,ILE-DE-FRANCE,HAUTS-DE-SEINE,92060,LE PLESSIS ROBINSON
469,ILE-DE-FRANCE,HAUTS-DE-SEINE,92060,LE PLESSIS ROBINSON
381,ILE-DE-FRANCE,HAUTS-DE-SEINE,92060,LE PLESSIS ROBINSON
116,ILE-DE-FRANCE,HAUTS-DE-SEINE,92060,LE PLESSIS ROBINSON
497,ILE-DE-FRANCE,SEINE-SAINT-DENIS,93045,LES LILAS
389,ILE-DE-FRANCE,SEINE-SAINT-DENIS,93045,LES LILAS
27,ILE-DE-FRANCE,SEINE-SAINT-DENIS,93045,LES LILAS
687,PAYS DE LA LOIRE,VENDEE,85194,LES SABLES D'OLONNE
576,PAYS DE LA LOIRE,VENDEE,85194,LES SABLES D'OLONNE
353,PAYS DE LA LOIRE,VENDEE,85194,LES SABLES D'OLONNE
160,PAYS DE LA LOIRE,VENDEE,85194,LES SABLES D'OLONNE
647,ILE-DE-FRANCE,HAUTS-DE-SEINE,92044,LEVALLOIS-PERRET
463,ILE-DE-FRANCE,HAUTS-DE-SEINE,92044,LEVALLOIS-PERRET
375,ILE-DE-FRANCE,HAUTS-DE-SEINE,92044,LEVALLOIS-PERRET
57,ILE-DE-FRANCE,HAUTS-DE-SEINE,92044,LEVALLOIS-PERRET
643,LES-HAUTS-DE-FRANCE,NORD,59350,LILLE
531,LES-HAUTS-DE-FRANCE,NORD,59350,LILLE
282,LES-HAUTS-DE-FRANCE,NORD,59350,LILLE
39,LES-HAUTS-DE-FRANCE,NORD,59350,LILLE
640,NOUVELLE-AQUITAINE,HAUTE-VIENNE,87085,LIMOGES
552,NOUVELLE-AQUITAINE,HAUTE-VIENNE,87085,LIMOGES
355,NOUVELLE-AQUITAINE,HAUTE-VIENNE,87085,LIMOGES
63,NOUVELLE-AQUITAINE,HAUTE-VIENNE,87085,LIMOGES
731,ILE-DE-FRANCE,VAL-DE-MARNE,94046,MAISONS-ALFORT
507,ILE-DE-FRANCE,VAL-DE-MARNE,94046,MAISONS-ALFORT
399,ILE-DE-FRANCE,VAL-DE-MARNE,94046,MAISONS-ALFORT
135,ILE-DE-FRANCE,VAL-DE-MARNE,94046,MAISONS-ALFORT
766,ILE-DE-FRANCE,YVELINES,78358,MAISONS-LAFFITTE
519,ILE-DE-FRANCE,YVELINES,78358,MAISONS-LAFFITTE
336,ILE-DE-FRANCE,YVELINES,78358,MAISONS-LAFFITTE
152,ILE-DE-FRANCE,YVELINES,78358,MAISONS-LAFFITTE
675,ILE-DE-FRANCE,HAUTS-DE-SEINE,92046,MALAKOFF
464,ILE-DE-FRANCE,HAUTS-DE-SEINE,92046,MALAKOFF
376,ILE-DE-FRANCE,HAUTS-DE-SEINE,92046,MALAKOFF
54,ILE-DE-FRANCE,HAUTS-DE-SEINE,92046,MALAKOFF
616,PROVENCE-ALPES-COTE D'AZUR,ALPES-MARITIMES,06079,MANDELIEU LA NAPOULE
582,PROVENCE-ALPES-COTE D'AZUR,ALPES-MARITIMES,06079,MANDELIEU LA NAPOULE
216,PROVENCE-ALPES-COTE D'AZUR,ALPES-MARITIMES,06079,MANDELIEU LA NAPOULE
15,PROVENCE-ALPES-COTE D'AZUR,ALPES-MARITIMES,06079,MANDELIEU LA NAPOULE
680,LES-HAUTS-DE-FRANCE,NORD,59378,MARCQ EN BAROEUL
533,LES-HAUTS-DE-FRANCE,NORD,59378,MARCQ EN BAROEUL
284,LES-HAUTS-DE-FRANCE,NORD,59378,MARCQ EN BAROEUL
58,LES-HAUTS-DE-FRANCE,NORD,59378,MARCQ EN BAROEUL
496,ILE-DE-FRANCE,SEINE-ET-MARNE,77284,MEAUX
332,ILE-DE-FRANCE,SEINE-ET-MARNE,77284,MEAUX
153,ILE-DE-FRANCE,SEINE-ET-MARNE,77284,MEAUX
790,PROVENCE-ALPES-COTE D'AZUR,ALPES-MARITIMES,06083,MENTON
583,PROVENCE-ALPES-COTE D'AZUR,ALPES-MARITIMES,06083,MENTON
217,PROVENCE-ALPES-COTE D'AZUR,ALPES-MARITIMES,06083,MENTON
176,PROVENCE-ALPES-COTE D'AZUR,ALPES-MARITIMES,06083,MENTON
659,NOUVELLE-AQUITAINE,GIRONDE,33281,MERIGNAC
547,NOUVELLE-AQUITAINE,GIRONDE,33281,MERIGNAC
250,NOUVELLE-AQUITAINE,GIRONDE,33281,MERIGNAC
113,NOUVELLE-AQUITAINE,GIRONDE,33281,MERIGNAC
701,GRAND-EST,MOSELLE,57463,METZ
444,GRAND-EST,MOSELLE,57463,METZ
276,GRAND-EST,MOSELLE,57463,METZ
79,GRAND-EST,MOSELLE,57463,METZ
746,ILE-DE-FRANCE,HAUTS-DE-SEINE,92048,MEUDON
465,ILE-DE-FRANCE,HAUTS-DE-SEINE,92048,MEUDON
377,ILE-DE-FRANCE,HAUTS-DE-SEINE,92048,MEUDON
163,ILE-DE-FRANCE,HAUTS-DE-SEINE,92048,MEUDON
603,PROVENCE-ALPES-COTE D'AZUR,ALPES-MARITIMES,06900,MONACO
587,PROVENCE-ALPES-COTE D'AZUR,ALPES-MARITIMES,06900,MONACO
221,PROVENCE-ALPES-COTE D'AZUR,ALPES-MARITIMES,06900,MONACO
778,OCCITANIE,TARN-ET-GARONNE,82121,MONTAUBAN
569,OCCITANIE,TARN-ET-GARONNE,82121,MONTAUBAN
343,OCCITANIE,TARN-ET-GARONNE,82121,MONTAUBAN
164,OCCITANIE,TARN-ET-GARONNE,82121,MONTAUBAN
236,AUVERGNE-RHONE-ALPES,DROME,26198,MONTELIMAR
119,AUVERGNE-RHONE-ALPES,DROME,26198,MONTELIMAR
358,ILE-DE-FRANCE,ESSONNE,91421,MONTGERON
34,ILE-DE-FRANCE,ESSONNE,91421,MONTGERON
641,ILE-DE-FRANCE,VAL-D'OISE,95428,MONTMORENCY
515,ILE-DE-FRANCE,VAL-D'OISE,95428,MONTMORENCY
407,ILE-DE-FRANCE,VAL-D'OISE,95428,MONTMORENCY
49,ILE-DE-FRANCE,VAL-D'OISE,95428,MONTMORENCY
720,OCCITANIE,HERAULT,34172,MONTPELLIER
565,OCCITANIE,HERAULT,34172,MONTPELLIER
258,OCCITANIE,HERAULT,34172,MONTPELLIER
118,OCCITANIE,HERAULT,34172,MONTPELLIER
777,ILE-DE-FRANCE,SEINE-SAINT-DENIS,93048,MONTREUIL SOUS BOIS
498,ILE-DE-FRANCE,SEINE-SAINT-DENIS,93048,MONTREUIL SOUS BOIS
390,ILE-DE-FRANCE,SEINE-SAINT-DENIS,93048,MONTREUIL SOUS BOIS
204,ILE-DE-FRANCE,SEINE-SAINT-DENIS,93048,MONTREUIL SOUS BOIS
650,ILE-DE-FRANCE,HAUTS-DE-SEINE,92049,MONTROUGE
466,ILE-DE-FRANCE,HAUTS-DE-SEINE,92049,MONTROUGE
378,ILE-DE-FRANCE,HAUTS-DE-SEINE,92049,MONTROUGE
142,ILE-DE-FRANCE,HAUTS-DE-SEINE,92049,MONTROUGE
83,PROVENCE-ALPES-COTE D'AZUR,ALPES-MARITIMES,06085,MOUGINS
648,GRAND-EST,HAUT-RHIN,68224,MULHOUSE
441,GRAND-EST,HAUT-RHIN,68224,MULHOUSE
297,GRAND-EST,HAUT-RHIN,68224,MULHOUSE
60,GRAND-EST,HAUT-RHIN,68224,MULHOUSE
683,GRAND-EST,MEURTHE-ET-MOSELLE,54395,NANCY
443,GRAND-EST,MEURTHE-ET-MOSELLE,54395,NANCY
274,GRAND-EST,MEURTHE-ET-MOSELLE,54395,NANCY
40,GRAND-EST,MEURTHE-ET-MOSELLE,54395,NANCY
715,ILE-DE-FRANCE,HAUTS-DE-SEINE,92050,NANTERRE
467,ILE-DE-FRANCE,HAUTS-DE-SEINE,92050,NANTERRE
379,ILE-DE-FRANCE,HAUTS-DE-SEINE,92050,NANTERRE
130,ILE-DE-FRANCE,HAUTS-DE-SEINE,92050,NANTERRE
676,PAYS DE LA LOIRE,LOIRE-ATLANTIQUE,44109,NANTES
570,PAYS DE LA LOIRE,LOIRE-ATLANTIQUE,44109,NANTES
265,PAYS DE LA LOIRE,LOIRE-ATLANTIQUE,44109,NANTES
755,OCCITANIE,AUDE,11262,NARBONNE
558,OCCITANIE,AUDE,11262,NARBONNE
223,OCCITANIE,AUDE,11262,NARBONNE
184,OCCITANIE,AUDE,11262,NARBONNE
735,OCCITANIE,GARD,30189,NIMES
559,OCCITANIE,GARD,30189,NIMES
242,OCCITANIE,GARD,30189,NIMES
120,OCCITANIE,GARD,30189,NIMES
635,NOUVELLE-AQUITAINE,DEUX-SEVRES,79191,NIORT
543,NOUVELLE-AQUITAINE,DEUX-SEVRES,79191,NIORT
340,NOUVELLE-AQUITAINE,DEUX-SEVRES,79191,NIORT
159,NOUVELLE-AQUITAINE,DEUX-SEVRES,79191,NIORT
712,ILE-DE-FRANCE,VAL-DE-MARNE,94052,NOGENT SUR MARNE
508,ILE-DE-FRANCE,VAL-DE-MARNE,94052,NOGENT SUR MARNE
400,ILE-DE-FRANCE,VAL-DE-MARNE,94052,NOGENT SUR MARNE
8,ILE-DE-FRANCE,VAL-DE-MARNE,94052,NOGENT SUR MARNE
665,ILE-DE-FRANCE,SEINE-SAINT-DENIS,93051,NOISY LE GRAND
499,ILE-DE-FRANCE,SEINE-SAINT-DENIS,93051,NOISY LE GRAND
391,ILE-DE-FRANCE,SEINE-SAINT-DENIS,93051,NOISY LE GRAND
51,ILE-DE-FRANCE,SEINE-SAINT-DENIS,93051,NOISY LE GRAND
269,CENTRE-VAL DE LOIRE,LOIRET,45232,OLIVET
21,CENTRE-VAL DE LOIRE,LOIRET,45232,OLIVET
653,CENTRE-VAL DE LOIRE,LOIRET,45234,ORLEANS
436,CENTRE-VAL DE LOIRE,LOIRET,45234,ORLEANS
270,CENTRE-VAL DE LOIRE,LOIRET,45234,ORLEANS
75,CENTRE-VAL DE LOIRE,LOIRET,45234,ORLEANS
791,PAYS DE LA LOIRE,LOIRE-ATLANTIQUE,44114,ORVAULT
571,PAYS DE LA LOIRE,LOIRE-ATLANTIQUE,44114,ORVAULT
266,PAYS DE LA LOIRE,LOIRE-ATLANTIQUE,44114,ORVAULT
194,PAYS DE LA LOIRE,LOIRE-ATLANTIQUE,44114,ORVAULT
610,ILE-DE-FRANCE,ESSONNE,91477,PALAISEAU
448,ILE-DE-FRANCE,ESSONNE,91477,PALAISEAU
359,ILE-DE-FRANCE,ESSONNE,91477,PALAISEAU
11,ILE-DE-FRANCE,ESSONNE,91477,PALAISEAU
709,ILE-DE-FRANCE,PARIS,75110,PARIS 10e
485,ILE-DE-FRANCE,PARIS,75110,PARIS 10e
319,ILE-DE-FRANCE,PARIS,75110,PARIS 10e
124,ILE-DE-FRANCE,PARIS,75110,PARIS 10e
697,ILE-DE-FRANCE,PARIS,75113,PARIS 13e
622,ILE-DE-FRANCE,PARIS,75118,PARIS 18e
493,ILE-DE-FRANCE,PARIS,75118,PARIS 18e
327,ILE-DE-FRANCE,PARIS,75118,PARIS 18e
16,ILE-DE-FRANCE,PARIS,75118,PARIS 18e
693,ILE-DE-FRANCE,PARIS,75119,PARIS 19e
494,ILE-DE-FRANCE,PARIS,75119,PARIS 19e
328,ILE-DE-FRANCE,PARIS,75119,PARIS 19e
45,ILE-DE-FRANCE,PARIS,75119,PARIS 19e
613,ILE-DE-FRANCE,PARIS,75101,PARIS 1er
476,ILE-DE-FRANCE,PARIS,75101,PARIS 1er
310,ILE-DE-FRANCE,PARIS,75101,PARIS 1er
9,ILE-DE-FRANCE,PARIS,75101,PARIS 1er
723,ILE-DE-FRANCE,PARIS,75120,PARIS 20e
495,ILE-DE-FRANCE,PARIS,75120,PARIS 20e
329,ILE-DE-FRANCE,PARIS,75120,PARIS 20e
108,ILE-DE-FRANCE,PARIS,75120,PARIS 20e
625,ILE-DE-FRANCE,PARIS,75102,PARIS 2e
477,ILE-DE-FRANCE,PARIS,75102,PARIS 2e
311,ILE-DE-FRANCE,PARIS,75102,PARIS 2e
25,ILE-DE-FRANCE,PARIS,75102,PARIS 2e
617,ILE-DE-FRANCE,PARIS,75103,PARIS 3e
478,ILE-DE-FRANCE,PARIS,75103,PARIS 3e
312,ILE-DE-FRANCE,PARIS,75103,PARIS 3e
14,ILE-DE-FRANCE,PARIS,75103,PARIS 3e
612,ILE-DE-FRANCE,PARIS,75104,PARIS 4e
479,ILE-DE-FRANCE,PARIS,75104,PARIS 4e
313,ILE-DE-FRANCE,PARIS,75104,PARIS 4e
10,ILE-DE-FRANCE,PARIS,75104,PARIS 4e
784,NOUVELLE-AQUITAINE,PYRENEES-ATLANTIQUES,64445,PAU
556,NOUVELLE-AQUITAINE,PYRENEES-ATLANTIQUES,64445,PAU
293,NOUVELLE-AQUITAINE,PYRENEES-ATLANTIQUES,64445,PAU
175,NOUVELLE-AQUITAINE,PYRENEES-ATLANTIQUES,64445,PAU
698,OCCITANIE,PYRENEES-ORIENTALES,66136,PERPIGNAN
567,OCCITANIE,PYRENEES-ORIENTALES,66136,PERPIGNAN
294,OCCITANIE,PYRENEES-ORIENTALES,66136,PERPIGNAN
114,OCCITANIE,PYRENEES-ORIENTALES,66136,PERPIGNAN
782,NOUVELLE-AQUITAINE,GIRONDE,33318,PESSAC
548,NOUVELLE-AQUITAINE,GIRONDE,33318,PESSAC
251,NOUVELLE-AQUITAINE,GIRONDE,33318,PESSAC
105,NOUVELLE-AQUITAINE,GIRONDE,33318,PESSAC
769,NOUVELLE-AQUITAINE,VIENNE,86194,POITIERS
557,NOUVELLE-AQUITAINE,VIENNE,86194,POITIERS
354,NOUVELLE-AQUITAINE,VIENNE,86194,POITIERS
198,NOUVELLE-AQUITAINE,VIENNE,86194,POITIERS
699,ILE-DE-FRANCE,HAUTS-DE-SEINE,92062,PUTEAUX
470,ILE-DE-FRANCE,HAUTS-DE-SEINE,92062,PUTEAUX
382,ILE-DE-FRANCE,HAUTS-DE-SEINE,92062,PUTEAUX
101,ILE-DE-FRANCE,HAUTS-DE-SEINE,92062,PUTEAUX
56,BRETAGNE,FINISTERE,29232,QUIMPER
737,ILE-DE-FRANCE,YVELINES,78517,RAMBOUILLET
520,ILE-DE-FRANCE,YVELINES,78517,RAMBOUILLET
337,ILE-DE-FRANCE,YVELINES,78517,RAMBOUILLET
161,ILE-DE-FRANCE,YVELINES,78517,RAMBOUILLET
714,GRAND-EST,MARNE,51454,REIMS
442,GRAND-EST,MARNE,51454,REIMS
272,GRAND-EST,MARNE,51454,REIMS
115,GRAND-EST,MARNE,51454,REIMS
627,BRETAGNE,ILLE-ET-VILAINE,35238,RENNES
431,BRETAGNE,ILLE-ET-VILAINE,35238,RENNES
260,BRETAGNE,ILLE-ET-VILAINE,35238,RENNES
23,BRETAGNE,ILLE-ET-VILAINE,35238,RENNES
704,NORMANDIE,SEINE-MARITIME,76540,ROUEN
540,NORMANDIE,SEINE-MARITIME,76540,ROUEN
331,NORMANDIE,SEINE-MARITIME,76540,ROUEN
140,NORMANDIE,SEINE-MARITIME,76540,ROUEN
727,ILE-DE-FRANCE,HAUTS-DE-SEINE,92063,RUEIL MALMAISON
471,ILE-DE-FRANCE,HAUTS-DE-SEINE,92063,RUEIL MALMAISON
383,ILE-DE-FRANCE,HAUTS-DE-SEINE,92063,RUEIL MALMAISON
98,ILE-DE-FRANCE,HAUTS-DE-SEINE,92063,RUEIL MALMAISON
637,ILE-DE-FRANCE,HAUTS-DE-SEINE,92064,SAINT CLOUD
472,ILE-DE-FRANCE,HAUTS-DE-SEINE,92064,SAINT CLOUD
384,ILE-DE-FRANCE,HAUTS-DE-SEINE,92064,SAINT CLOUD
33,ILE-DE-FRANCE,HAUTS-DE-SEINE,92064,SAINT CLOUD
628,LA REUNION,LA REUNION,97411,SAINT DENIS
523,LA REUNION,LA REUNION,97411,SAINT DENIS
409,LA REUNION,LA REUNION,97411,SAINT DENIS
31,LA REUNION,LA REUNION,97411,SAINT DENIS
789,AUVERGNE-RHONE-ALPES,LOIRE,42218,SAINT ETIENNE
417,AUVERGNE-RHONE-ALPES,LOIRE,42218,SAINT ETIENNE
264,AUVERGNE-RHONE-ALPES,LOIRE,42218,SAINT ETIENNE
190,AUVERGNE-RHONE-ALPES,LOIRE,42218,SAINT ETIENNE
670,PROVENCE-ALPES-COTE D'AZUR,ALPES-MARITIMES,06123,SAINT LAURENT DU VAR
585,PROVENCE-ALPES-COTE D'AZUR,ALPES-MARITIMES,06123,SAINT LAURENT DU VAR
219,PROVENCE-ALPES-COTE D'AZUR,ALPES-MARITIMES,06123,SAINT LAURENT DU VAR
53,PROVENCE-ALPES-COTE D'AZUR,ALPES-MARITIMES,06123,SAINT LAURENT DU VAR
632,BRETAGNE,ILLE-ET-VILAINE,35288,SAINT MALO
432,BRETAGNE,ILLE-ET-VILAINE,35288,SAINT MALO
261,BRETAGNE,ILLE-ET-VILAINE,35288,SAINT MALO
90,BRETAGNE,ILLE-ET-VILAINE,35288,SAINT MALO
620,ILE-DE-FRANCE,VAL-DE-MARNE,94067,SAINT MANDE
510,ILE-DE-FRANCE,VAL-DE-MARNE,94067,SAINT MANDE
402,ILE-DE-FRANCE,VAL-DE-MARNE,94067,SAINT MANDE
32,ILE-DE-FRANCE,VAL-DE-MARNE,94067,SAINT MANDE
667,ILE-DE-FRANCE,VAL-DE-MARNE,94068,SAINT MAUR DES FOSSES
511,ILE-DE-FRANCE,VAL-DE-MARNE,94068,SAINT MAUR DES FOSSES
403,ILE-DE-FRANCE,VAL-DE-MARNE,94068,SAINT MAUR DES FOSSES
94,ILE-DE-FRANCE,VAL-DE-MARNE,94068,SAINT MAUR DES FOSSES
673,LA REUNION,LA REUNION,97415,SAINT PAUL
524,LA REUNION,LA REUNION,97415,SAINT PAUL
410,LA REUNION,LA REUNION,97415,SAINT PAUL
112,LA REUNION,LA REUNION,97415,SAINT PAUL
615,LA REUNION,LA REUNION,97416,SAINT PIERRE
525,LA REUNION,LA REUNION,97416,SAINT PIERRE
411,LA REUNION,LA REUNION,97416,SAINT PIERRE
46,LA REUNION,LA REUNION,97416,SAINT PIERRE
729,AUVERGNE-RHONE-ALPES,RHONE,69204,SAINT-GENIS-LAVAL
423,AUVERGNE-RHONE-ALPES,RHONE,69204,SAINT-GENIS-LAVAL
302,AUVERGNE-RHONE-ALPES,RHONE,69204,SAINT-GENIS-LAVAL
126,AUVERGNE-RHONE-ALPES,RHONE,69204,SAINT-GENIS-LAVAL
721,ILE-DE-FRANCE,YVELINES,78551,SAINT-GERMAIN-EN-LAYE
521,ILE-DE-FRANCE,YVELINES,78551,SAINT-GERMAIN-EN-LAYE
338,ILE-DE-FRANCE,YVELINES,78551,SAINT-GERMAIN-EN-LAYE
97,ILE-DE-FRANCE,YVELINES,78551,SAINT-GERMAIN-EN-LAYE
707,NOUVELLE-AQUITAINE,GIRONDE,33449,SAINT-MEDARD-EN-JALLES
549,NOUVELLE-AQUITAINE,GIRONDE,33449,SAINT-MEDARD-EN-JALLES
252,NOUVELLE-AQUITAINE,GIRONDE,33449,SAINT-MEDARD-EN-JALLES
95,NOUVELLE-AQUITAINE,GIRONDE,33449,SAINT-MEDARD-EN-JALLES
688,PROVENCE-ALPES-COTE D'AZUR,VAR,83118,SAINT-RAPHAEL
598,PROVENCE-ALPES-COTE D'AZUR,VAR,83118,SAINT-RAPHAEL
347,PROVENCE-ALPES-COTE D'AZUR,VAR,83118,SAINT-RAPHAEL
145,PROVENCE-ALPES-COTE D'AZUR,VAR,83118,SAINT-RAPHAEL
705,PROVENCE-ALPES-COTE D'AZUR,BOUCHES-DU-RHONE,13103,SALON DE PROVENCE
593,PROVENCE-ALPES-COTE D'AZUR,BOUCHES-DU-RHONE,13103,SALON DE PROVENCE
229,PROVENCE-ALPES-COTE D'AZUR,BOUCHES-DU-RHONE,13103,SALON DE PROVENCE
99,PROVENCE-ALPES-COTE D'AZUR,BOUCHES-DU-RHONE,13103,SALON DE PROVENCE
100,ILE-DE-FRANCE,HAUTS-DE-SEINE,92071,SCEAUX
761,OCCITANIE,HERAULT,34301,SETE
566,OCCITANIE,HERAULT,34301,SETE
259,OCCITANIE,HERAULT,34301,SETE
178,OCCITANIE,HERAULT,34301,SETE
751,ILE-DE-FRANCE,HAUTS-DE-SEINE,92072,SEVRES
473,ILE-DE-FRANCE,HAUTS-DE-SEINE,92072,SEVRES
385,ILE-DE-FRANCE,HAUTS-DE-SEINE,92072,SEVRES
149,ILE-DE-FRANCE,HAUTS-DE-SEINE,92072,SEVRES
739,PROVENCE-ALPES-COTE D'AZUR,VAR,83129,SIX-FOURS-LES-PLAGES
600,PROVENCE-ALPES-COTE D'AZUR,VAR,83129,SIX-FOURS-LES-PLAGES
349,PROVENCE-ALPES-COTE D'AZUR,VAR,83129,SIX-FOURS-LES-PLAGES
170,PROVENCE-ALPES-COTE D'AZUR,VAR,83129,SIX-FOURS-LES-PLAGES
408,ILE-DE-FRANCE,VAL-D'OISE,95555,ST GRATIEN
195,ILE-DE-FRANCE,VAL-D'OISE,95555,ST GRATIEN
267,PAYS DE LA LOIRE,LOIRE-ATLANTIQUE,44184,ST NAZAIRE
78,PAYS DE LA LOIRE,LOIRE-ATLANTIQUE,44184,ST NAZAIRE
691,AUVERGNE-RHONE-ALPES,RHONE,69202,STE FOY LES LYON
422,AUVERGNE-RHONE-ALPES,RHONE,69202,STE FOY LES LYON
301,AUVERGNE-RHONE-ALPES,RHONE,69202,STE FOY LES LYON
67,AUVERGNE-RHONE-ALPES,RHONE,69202,STE FOY LES LYON
649,GRAND-EST,BAS-RHIN,67482,STRASBOURG
439,GRAND-EST,BAS-RHIN,67482,STRASBOURG
295,GRAND-EST,BAS-RHIN,67482,STRASBOURG
36,GRAND-EST,BAS-RHIN,67482,STRASBOURG
774,ILE-DE-FRANCE,VAL-DE-MARNE,94071,SUCY EN BRIE
512,ILE-DE-FRANCE,VAL-DE-MARNE,94071,SUCY EN BRIE
404,ILE-DE-FRANCE,VAL-DE-MARNE,94071,SUCY EN BRIE
172,ILE-DE-FRANCE,VAL-DE-MARNE,94071,SUCY EN BRIE
770,ILE-DE-FRANCE,HAUTS-DE-SEINE,92073,SURESNES
474,ILE-DE-FRANCE,HAUTS-DE-SEINE,92073,SURESNES
386,ILE-DE-FRANCE,HAUTS-DE-SEINE,92073,SURESNES
168,ILE-DE-FRANCE,HAUTS-DE-SEINE,92073,SURESNES
711,NOUVELLE-AQUITAINE,GIRONDE,33522,TALENCE
550,NOUVELLE-AQUITAINE,GIRONDE,33522,TALENCE
253,NOUVELLE-AQUITAINE,GIRONDE,33522,TALENCE
104,NOUVELLE-AQUITAINE,GIRONDE,33522,TALENCE
682,LA REUNION,LA REUNION,97422,TAMPON
526,LA REUNION,LA REUNION,97422,TAMPON
412,LA REUNION,LA REUNION,97422,TAMPON
30,LA REUNION,LA REUNION,97422,TAMPON
726,AUVERGNE-RHONE-ALPES,RHONE,69244,TASSIN-LA-DEMI-LUNE
424,AUVERGNE-RHONE-ALPES,RHONE,69244,TASSIN-LA-DEMI-LUNE
303,AUVERGNE-RHONE-ALPES,RHONE,69244,TASSIN-LA-DEMI-LUNE
123,AUVERGNE-RHONE-ALPES,RHONE,69244,TASSIN-LA-DEMI-LUNE
775,GRAND-EST,MOSELLE,57672,THIONVILLE
445,GRAND-EST,MOSELLE,57672,THIONVILLE
277,GRAND-EST,MOSELLE,57672,THIONVILLE
70,GRAND-EST,MOSELLE,57672,THIONVILLE
703,AUVERGNE-RHONE-ALPES,HAUTE-SAVOIE,74281,THONON-LES-BAINS
415,AUVERGNE-RHONE-ALPES,HAUTE-SAVOIE,74281,THONON-LES-BAINS
309,AUVERGNE-RHONE-ALPES,HAUTE-SAVOIE,74281,THONON-LES-BAINS
154,AUVERGNE-RHONE-ALPES,HAUTE-SAVOIE,74281,THONON-LES-BAINS
677,PROVENCE-ALPES-COTE D'AZUR,VAR,83137,TOULON
601,PROVENCE-ALPES-COTE D'AZUR,VAR,83137,TOULON
350,PROVENCE-ALPES-COTE D'AZUR,VAR,83137,TOULON
111,PROVENCE-ALPES-COTE D'AZUR,VAR,83137,TOULON
684,OCCITANIE,HAUTE-GARONNE,31557,TOURNEFEUILLE
561,OCCITANIE,HAUTE-GARONNE,31557,TOURNEFEUILLE
244,OCCITANIE,HAUTE-GARONNE,31557,TOURNEFEUILLE
65,OCCITANIE,HAUTE-GARONNE,31557,TOURNEFEUILLE
738,CENTRE-VAL DE LOIRE,INDRE-ET-LOIRE,37261,TOURS
435,CENTRE-VAL DE LOIRE,INDRE-ET-LOIRE,37261,TOURS
262,CENTRE-VAL DE LOIRE,INDRE-ET-LOIRE,37261,TOURS
173,CENTRE-VAL DE LOIRE,INDRE-ET-LOIRE,37261,TOURS
222,GRAND-EST,AUBE,10387,TROYES
18,GRAND-EST,AUBE,10387,TROYES
634,AUVERGNE-RHONE-ALPES,DROME,26362,VALENCE
413,AUVERGNE-RHONE-ALPES,DROME,26362,VALENCE
237,AUVERGNE-RHONE-ALPES,DROME,26362,VALENCE
20,AUVERGNE-RHONE-ALPES,DROME,26362,VALENCE
733,PROVENCE-ALPES-COTE D'AZUR,ALPES-MARITIMES,06155,VALLAURIS
586,PROVENCE-ALPES-COTE D'AZUR,ALPES-MARITIMES,06155,VALLAURIS
220,PROVENCE-ALPES-COTE D'AZUR,ALPES-MARITIMES,06155,VALLAURIS
106,PROVENCE-ALPES-COTE D'AZUR,ALPES-MARITIMES,06155,VALLAURIS
763,BRETAGNE,MORBIHAN,56260,VANNES
433,BRETAGNE,MORBIHAN,56260,VANNES
275,BRETAGNE,MORBIHAN,56260,VANNES
200,BRETAGNE,MORBIHAN,56260,VANNES
747,ILE-DE-FRANCE,HAUTS-DE-SEINE,92075,VANVES
475,ILE-DE-FRANCE,HAUTS-DE-SEINE,92075,VANVES
387,ILE-DE-FRANCE,HAUTS-DE-SEINE,92075,VANVES
156,ILE-DE-FRANCE,HAUTS-DE-SEINE,92075,VANVES
736,PAYS DE LA LOIRE,LOIRE-ATLANTIQUE,44215,VERTOU
572,PAYS DE LA LOIRE,LOIRE-ATLANTIQUE,44215,VERTOU
268,PAYS DE LA LOIRE,LOIRE-ATLANTIQUE,44215,VERTOU
186,PAYS DE LA LOIRE,LOIRE-ATLANTIQUE,44215,VERTOU
147,ILE-DE-FRANCE,VAL-DE-MARNE,94076,VILLEJUIF
645,ILE-DE-FRANCE,SEINE-SAINT-DENIS,93077,VILLEMOMBLE
500,ILE-DE-FRANCE,SEINE-SAINT-DENIS,93077,VILLEMOMBLE
392,ILE-DE-FRANCE,SEINE-SAINT-DENIS,93077,VILLEMOMBLE
743,LES-HAUTS-DE-FRANCE,NORD,59009,VILLENEUVE D'ASCQ
527,LES-HAUTS-DE-FRANCE,NORD,59009,VILLENEUVE D'ASCQ
278,LES-HAUTS-DE-FRANCE,NORD,59009,VILLENEUVE D'ASCQ
203,LES-HAUTS-DE-FRANCE,NORD,59009,VILLENEUVE D'ASCQ
767,AUVERGNE-RHONE-ALPES,RHONE,69266,VILLEURBANNE
425,AUVERGNE-RHONE-ALPES,RHONE,69266,VILLEURBANNE
304,AUVERGNE-RHONE-ALPES,RHONE,69266,VILLEURBANNE
89,AUVERGNE-RHONE-ALPES,RHONE,69266,VILLEURBANNE
732,ILE-DE-FRANCE,VAL-DE-MARNE,94080,VINCENNES
513,ILE-DE-FRANCE,VAL-DE-MARNE,94080,VINCENNES
405,ILE-DE-FRANCE,VAL-DE-MARNE,94080,VINCENNES
134,ILE-DE-FRANCE,VAL-DE-MARNE,94080,VINCENNES
722,ILE-DE-FRANCE,VAL-DE-MARNE,94081,VITRY SUR SEINE
514,ILE-DE-FRANCE,VAL-DE-MARNE,94081,VITRY SUR SEINE
406,ILE-DE-FRANCE,VAL-DE-MARNE,94081,VITRY SUR SEINE
143,ILE-DE-FRANCE,VAL-DE-MARNE,94081,VITRY SUR SEINE
646,LES-HAUTS-DE-FRANCE,NORD,59646,WASQUEHAL
534,LES-HAUTS-DE-FRANCE,NORD,59646,WASQUEHAL
285,LES-HAUTS-DE-FRANCE,NORD,59646,WASQUEHAL
146,LES-HAUTS-DE-FRANCE,NORD,59646,WASQUEHAL
